{"min": [-8.533260822296143, -16.62116527557373, -21.304434776306152], "max": [7.19214940071106, 23.998538732528687, 17.894461631774902]}